{
  "mu": 0.03722299763986231,
  "sigma": 0.007059314864430602,
  "quantiles": {
    "0.95": 0.049400351391168815,
    "0.975": 0.05177452705599979,
    "0.99": 0.05445180265491787,
    "0.995": 0.05661206269576557,
    "0.999": 0.06162183200545263
  }
}